{
    "metrics": {
        "http_req_blocked": {
            "p(90)": 0.6428506000000013,
            "p(95)": 1.182229799999999,
            "avg": 129.89474041967628,
            "min": 0,
            "med": 0,
            "max": 15916.740311
        },
        "iterations": {
            "count": 14931,
            "rate": 61.965871033256356
        },
        "http_req_receiving": {
            "avg": 0.25513501447771425,
            "min": -6.617582,
            "med": 0,
            "max": 443.586514,
            "p(90)": 0.37520040000000054,
            "p(95)": 0.5689191999999998
        },
        "vus": {
            "value": 0,
            "min": 0,
            "max": 20000
        },
        "http_req_duration{expected_response:true}": {
            "avg": 10357.811090496016,
            "min": 24.689657,
            "med": 2902.931212,
            "max": 60299.47373,
            "p(90)": 37672.1974048,
            "p(95)": 41466.3176779
        },
        "http_req_failed": {
            "fails": 6395,
            "passes": 33114,
            "value": 0.8381381457389455
        },
        "data_sent": {
            "count": 1123632,
            "rate": 4663.239943797462
        },
        "data_received": {
            "count": 20823124,
            "rate": 86419.06210525117
        },
        "iteration_duration": {
            "p(90)": 91159.401645,
            "p(95)": 91939.9245335,
            "avg": 59564.53355242039,
            "min": 1079.47597,
            "med": 61176.096846,
            "max": 122459.437364
        },
        "vus_max": {
            "value": 20000,
            "min": 8313,
            "max": 20000
        },
        "http_req_tls_handshaking": {
            "avg": 0,
            "min": 0,
            "med": 0,
            "max": 0,
            "p(90)": 0,
            "p(95)": 0
        },
        "http_reqs": {
            "count": 39509,
            "rate": 163.96822708813377
        },
        "http_req_connecting": {
            "avg": 129.67356010392564,
            "min": -5.360361,
            "med": 0,
            "max": 15892.140222,
            "p(90)": 0.26719220000000005,
            "p(95)": 0.5120117999999999
        },
        "http_req_sending": {
            "min": 0,
            "med": 0,
            "max": 310.673795,
            "p(90)": 0.23013460000000022,
            "p(95)": 0.47630659999999997,
            "avg": 0.6903245370928154
        },
        "http_req_waiting": {
            "avg": 8029.205091372552,
            "min": 0,
            "med": 0,
            "max": 61630.492777,
            "p(90)": 55522.15823380406,
            "p(95)": 59983.7008118
        },
        "checks": {
            "passes": 6395,
            "fails": 33114,
            "value": 0.16186185426105446
        },
        "http_req_duration": {
            "p(95)": 59983.8747276,
            "avg": 8030.150550924147,
            "min": 0,
            "med": 0,
            "max": 61630.60714,
            "p(90)": 55531.677065604046,
            "thresholds": {
                "p(95)<500": true
            }
        }
    },
    "root_group": {
        "id": "d41d8cd98f00b204e9800998ecf8427e",
        "groups": {},
        "checks": {
                "Get Hubs status is 200": {
                    "id": "21c13fc18a8ca4e6856b55a938c0b58d",
                    "passes": 3758,
                    "fails": 20624,
                    "name": "Get Hubs status is 200",
                    "path": "::Get Hubs status is 200"
                },
                "Get Fleets status is 200": {
                    "passes": 2637,
                    "fails": 12490,
                    "name": "Get Fleets status is 200",
                    "path": "::Get Fleets status is 200",
                    "id": "ef295cf38a80f4f3b3756a88b7f66117"
                }
            },
        "name": "",
        "path": ""
    }
}