{
    "metrics": {
        "http_req_connecting": {
            "avg": 0.65803015764064,
            "min": 0.072641,
            "med": 0.46974899999999997,
            "max": 25.514067,
            "p(90)": 1.0801321,
            "p(95)": 1.652336599999999
        },
        "http_req_receiving": {
            "avg": 6.6961454720822795,
            "min": 0.047663,
            "med": 1.6280335,
            "max": 125.368742,
            "p(90)": 20.342664999999997,
            "p(95)": 30.869549549999995
        },
        "data_sent": {
            "count": 395412,
            "rate": 3282.1582291857208
        },
        "http_req_duration": {
            "p(90)": 1617.4663165999998,
            "p(95)": 1867.5056592999995,
            "avg": 788.3092958438268,
            "min": 71.780007,
            "med": 661.1090005,
            "max": 3562.68115,
            "thresholds": {
                "p(95)<500": true
            }
        },
        "http_req_failed": {
            "passes": 0,
            "fails": 4764,
            "value": 0
        },
        "vus_max": {
            "value": 100,
            "min": 100,
            "max": 100
        },
        "http_req_waiting": {
            "p(90)": 1607.1813731,
            "p(95)": 1854.4243528,
            "avg": 781.5290787010896,
            "min": 71.141078,
            "med": 655.4050225,
            "max": 3560.637781
        },
        "vus": {
            "value": 2,
            "min": 2,
            "max": 100
        },
        "http_reqs": {
            "count": 4764,
            "rate": 39.54407505043037
        },
        "group_duration": {
            "med": 1629.277582,
            "max": 5460.199685,
            "p(90)": 2597.7695712,
            "p(95)": 2764.8001013499997,
            "avg": 1578.5478326284633,
            "min": 145.083555
        },
        "checks": {
            "passes": 4764,
            "fails": 0,
            "value": 1
        },
        "data_received": {
            "count": 45910668,
            "rate": 381086.2512609975
        },
        "http_req_blocked": {
            "p(95)": 1.792738199999998,
            "avg": 0.7529455205709449,
            "min": 0.098879,
            "med": 0.5603374999999999,
            "max": 25.564734,
            "p(90)": 1.2153319
        },
        "iteration_duration": {
            "avg": 2579.2685959605346,
            "min": 1145.91221,
            "med": 2629.9391205,
            "max": 6460.971396,
            "p(90)": 3598.4049733,
            "p(95)": 3765.4348577999995
        },
        "iterations": {
            "count": 2382,
            "rate": 19.772037525215186
        },
        "http_req_duration{expected_response:true}": {
            "min": 71.780007,
            "med": 661.1090005,
            "max": 3562.68115,
            "p(90)": 1617.4663165999998,
            "p(95)": 1867.5056592999995,
            "avg": 788.3092958438268
        },
        "http_req_tls_handshaking": {
            "max": 0,
            "p(90)": 0,
            "p(95)": 0,
            "avg": 0,
            "min": 0,
            "med": 0
        },
        "http_req_sending": {
            "max": 2.528941,
            "p(90)": 0.13444849999999983,
            "p(95)": 0.19475734999999972,
            "avg": 0.08407167065491182,
            "min": 0.012519,
            "med": 0.060946
        }
    },
    "root_group": {
        "name": "",
        "path": "",
        "id": "d41d8cd98f00b204e9800998ecf8427e",
        "groups": {
            "Modul 1: Warehouse & Sorting": {
                "path": "::Modul 1: Warehouse & Sorting",
                "id": "bc35c0c0853eaa6a69d4f7f68945f3a4",
                "groups": {},
                "checks": {
                        "Get Warehouses status is 200": {
                            "name": "Get Warehouses status is 200",
                            "path": "::Modul 1: Warehouse & Sorting::Get Warehouses status is 200",
                            "id": "50afdbd0529cabba1f5ef5e28e12e593",
                            "passes": 2382,
                            "fails": 0
                        },
                        "Get Packages status is 200": {
                            "name": "Get Packages status is 200",
                            "path": "::Modul 1: Warehouse & Sorting::Get Packages status is 200",
                            "id": "92143bd6138e5ffb1ba8f31d6a421977",
                            "passes": 2382,
                            "fails": 0
                        }
                    },
                "name": "Modul 1: Warehouse & Sorting"
            }
        },
        "checks": {}
    }
}